{
    "AS_Button_f6ecd51287f4454a95e30a9cd7a21845": {
        "id": "AS_Button_f6ecd51287f4454a95e30a9cd7a21845",
        "type": "ACTION_SEQUENCE",
        "params": [{
            "datatype": "collection",
            "name": "eventobject"
        }],
        "contextObj": {
            "name": "MainForm",
            "type": "forms",
            "platform": "",
            "KUID": "82646580f601441890be80633f4e6276"
        },
        "actions": [{
            "id": "INVOKE_FUNCTION___980f1af618184d36a3554fff45bfbf99",
            "type": "INVOKE_FUNCTION",
            "sequenceKUID": "transaction",
            "display": "transaction",
            "inputparams": [],
            "parentId": null,
            "callbackType": null
        }]
    }
}