{
    "AS_Form_4379b36565784d28b582be30be15120e": {
        "id": "AS_Form_4379b36565784d28b582be30be15120e",
        "type": "ACTION_SEQUENCE",
        "params": [{
            "datatype": "collection",
            "name": "eventobject"
        }],
        "contextObj": {
            "name": "MainForm",
            "type": "forms",
            "platform": "",
            "KUID": "82646580f601441890be80633f4e6276"
        },
        "actions": [{
            "id": "INVOKE_FUNCTION___d46851aabb254ddda3a1f9520ffa00e9",
            "type": "INVOKE_FUNCTION",
            "sequenceKUID": "createDB",
            "display": "createDB",
            "inputparams": [],
            "parentId": null,
            "callbackType": null
        }]
    }
}