{"createdVizVersion":"7.0.0","watchos_longlooknotificationicon_42":"","wap_android240_fontsize":"12","mwaddrkey":"","watchos_notificationcentericon_38":"","createdgaversion":"7.0.0","wap_android640_fontsize":"12","winmobileguidkey":"","desktopwebbasefontsize":"12","watchos_shortlooknotificationicon_42":"","wap_spaandroidtab_fontsize":"12","apppackagekey":"","startupformkey":"MainForm","wap_bb440_fontsize":"12","wap_spaandroidtabldpi_fontsize":"12","isA11yConfigEnabled":false,"wap_android480_fontsize":"12","wap_spawindowstab_fontsize":"12","defaulttheme":"defaultTheme","wap_winphone320_fontsize":"12","watchos_longlooknotificationicon_38":"","watchos_notificationcentericon_42":"","enableactionbar":false,"appmenu":{"focusSkin":null,"osVersion":"iOS7","tablet":{"data":[{"id":"appmenuitemid1","icon":{"default":"option1.png"},"title":"Item 1","windows8":{"position":"BOTTOM_LEFT","appBarButtonStyle":"No Style"},"kuid":"6699f835ff5d49d89e03cb39a905ab6e","android":{"showAsFlag":0}},{"id":"appmenuitemid2","icon":{"default":"option2.png"},"title":"Item 2","windows8":{"position":"BOTTOM_LEFT","appBarButtonStyle":"No Style"},"kuid":"09f617d30fe94fa8800a0404c15e2995","android":{"showAsFlag":0}},{"id":"appmenuitemid3","icon":{"default":"option3.png"},"title":"Item 3","windows8":{"position":"BOTTOM_LEFT","appBarButtonStyle":"No Style"},"kuid":"09e98c29b48f46c0b49becd9e27a4b91","android":{"showAsFlag":0}},{"id":"appmenuitemid4","icon":{"default":"option4.png"},"title":"Item 4","windows8":{"position":"BOTTOM_LEFT","appBarButtonStyle":"No Style"},"kuid":"0c72d27790f24ecf982236e6d7753f7c","android":{"showAsFlag":0}}]},"wType":"Appmenu","focusskin":null,"osPlatform":"","desktop":{"data":[{"id":"appmenuitemid1","icon":{"default":"option1.png"},"title":"Item 1","kuid":"0d056c0924614bd193298b820c3ad0ce"},{"id":"appmenuitemid2","icon":{"default":"option2.png"},"title":"Item 2","kuid":"74c61dd0bf784a8faefd0376c79e5faf"},{"id":"appmenuitemid3","icon":{"default":"option3.png"},"title":"Item 3","kuid":"7826e8ddc5c34138b5880df8e92b6763"},{"id":"appmenuitemid4","icon":{"default":"option4.png"},"title":"Item 4","kuid":"11ed54dd0ddd471893c2bd891be4a644"}]},"skin":null,"mobile":{"data":[{"id":"appmenuitemid1","icon":{"default":"option1.png"},"title":"Item 1","android":{"showAsFlag":0},"kuid":"6ecbc096a5c34664ae91aad2e1d0c359"},{"id":"appmenuitemid2","icon":{"default":"option2.png"},"title":"Item 2","android":{"showAsFlag":0},"kuid":"e34294d9c53a4ead96c15b99e49e3dc2"},{"id":"appmenuitemid3","icon":{"default":"option3.png"},"title":"Item 3","android":{"showAsFlag":0},"kuid":"57502e46c7494bd3bb928cf94d2c27c6"},{"id":"appmenuitemid4","icon":{"default":"option4.png"},"title":"Item 4","android":{"showAsFlag":0},"kuid":"7ffb0deb9e3343f08e1d525751389a50"}]}},"wap_android360_fontsize":"12","project.type":"js","appversionkey":"1.0.0","mwportkey":"","wap_bb400_fontsize":"12","isNewAppWithRespectToAndroidPackageName":"","build":"debug","wap_android320_fontsize":"12","statusBarHidden":"false","wap_winphone480_fontsize":"12","export.type":"studioviz","wap_bb240_fontsize":"12","wap_bb480_fontsize":"12","wap_spaandroidtabmdpi_fontsize":"12","wap_bb320_fontsize":"12","project_version":"sprint22","wap_android400_fontsize":"12","appaddrkey":"","wap_ip_fontsize":"12","watchos_shortlooknotificationicon_38":"","appidkey":"DbApp","currentgaversion":"7.0.0","mwhttpsportkey":"","vendornamekey":"KonyLabs","konyVizVersion":"7.0.0","appnamekey":"DbApp","APPLICATION_THEME":"default","wap_spaipad_fontsize":"12","wap_android440_fontsize":"12","wap_spaandroidtabhdpi_fontsize":"12","nativeContainerProperties":{"isModified":false,"isEnableJSContaineriOS":false,"isEnableJSContainerAndroid":false,"isEnableJSContainer":false},"wap_bb360_fontsize":"12"}