{
    "DNDConfig": null,
    "_height_": {
        "type": "string",
        "value": "60dp"
    },
    "_margin_": [
        0,
        0,
        0,
        0
    ],
    "_orientation_": 6,
    "_padding_": [
        0,
        0,
        0,
        0
    ],
    "_percent_": true,
    "_skin_": "s50603fb0c6b4339a29c7f30abda79c7",
    "allboxes": [],
    "autogrowmode": 0,
    "canUpdateUI": true,
    "children": [
        "empID",
        "empName",
        "depID"
    ],
    "clipbounds": true,
    "containerId": true,
    "containerweight": 100,
    "enablescrolling": true,
    "id": "Flex01",
    "info": null,
    "isTemplate": true,
    "isvisible": true,
    "kuid": "79913ce7b9c1491f9291a92af8ae99f4",
    "layouttype": 2,
    "name": "kony.ui.FlexContainer",
    "parent": "Temp01",
    "pf": "Temp01",
    "snapgridsize": 10,
    "snaptogrid": true,
    "wType": "FlexContainer",
    "widgetalignment": 1
}