{
    "@class": "com.kony.gen.viz.model.component.KVizButton",
    "DNDConfig": null,
    "__parentReadjusting__": false,
    "_height_": {
        "type": "string",
        "value": "50dp"
    },
    "_left_": {
        "type": "string",
        "value": "52dp"
    },
    "_margin_": [
        6,
        6,
        6,
        6
    ],
    "_padding_": [
        0,
        0,
        0,
        0
    ],
    "_skin_": "s3de72e91246489faf838424b08e5d1b",
    "_text_": "Add",
    "_top_": {
        "type": "string",
        "value": "242dp"
    },
    "_width_": {
        "type": "string",
        "value": "260dp"
    },
    "canUpdateUI": true,
    "containerweight": 100,
    "contentalignment": 5,
    "displaytext": true,
    "focusskin": "s8b7b99e45594f13a39541382fef119a",
    "id": "AddButton",
    "ide_onClick": "AS_Button_f6ecd51287f4454a95e30a9cd7a21845",
    "info": null,
    "isvisible": true,
    "kuid": "44efd5345e7c48a88fd21404ae3b3411",
    "name": "kony.ui.Button",
    "parent": "FlexContainer01",
    "pf": "MainForm",
    "wType": "Button",
    "zindex": 1
}