{
    "DNDConfig": null,
    "__parentReadjusting__": false,
    "_height_": {
        "type": "string",
        "value": "552dp"
    },
    "_left_": {
        "type": "string",
        "value": "0dp"
    },
    "_margin_": [
        0,
        0,
        0,
        0
    ],
    "_orientation_": 6,
    "_padding_": [
        0,
        0,
        0,
        0
    ],
    "_percent_": true,
    "_skin_": "s711671ade194cca8d6b3d48a80d1892",
    "_top_": {
        "type": "string",
        "value": "0dp"
    },
    "_width_": {
        "type": "string",
        "value": "100.00%"
    },
    "allboxes": [],
    "autogrowmode": 0,
    "canUpdateUI": true,
    "children": [
        "IDLabel",
        "NameLabel",
        "DepartmentLabel",
        "IDTextBox",
        "NameTextBox",
        "DepartmentTextBox",
        "AddButton"
    ],
    "clipbounds": true,
    "containerweight": 100,
    "enablescrolling": true,
    "id": "FlexContainer01",
    "info": null,
    "isvisible": true,
    "kuid": "f7f3857d2a8245e6ab5f98ae52874146",
    "layouttype": 2,
    "name": "kony.ui.FlexContainer",
    "parent": "MainForm",
    "pf": "MainForm",
    "snapgridsize": 10,
    "snaptogrid": true,
    "wType": "FlexContainer",
    "widgetalignment": 1
}